0,1,2,3,4,5,6,7,8,9,10,11,12,13,14,15,16,17,18,19,20,21,22,23,24,25
0.5026178010471204,1.0,1.0,1.0,1.0,1.0,1.0,1.0,0.05830903790087462,0.4134328358208958,0.31666666666666643,0.08333333333333333,0.41117145073700545,1.0,1.0,0.26037735849056604,1.0,0.6642857142857145,0.2904761904761906,0.125,0.2625,0.3469387755102041,0.2222222222222222,0.2894736842105263,0.20795888982672162,0.0
0.5026178010471204,1.0,1.0,1.0,1.0,1.0,1.0,1.0,0.05830903790087462,0.4134328358208958,0.31666666666666643,0.08333333333333333,0.41117145073700545,1.0,1.0,0.26037735849056604,1.0,0.6642857142857145,0.2904761904761906,0.125,0.2625,0.3469387755102041,0.2222222222222222,0.2894736842105263,0.2825579663373219,0.0
0.5026178010471204,1.0,1.0,1.0,1.0,2.0,1.0,1.0,0.2303206997084549,0.4492537313432835,0.43333333333333357,0.38333333333333347,0.5178432893716058,2.0,2.0,0.3433962264150943,1.0,0.10000000000000009,0.6666666666666669,0.125,0.44166666666666665,0.3469387755102041,0.16666666666666666,0.2631578947368421,0.2825579663373219,0.0
0.518324607329843,2.0,1.0,1.0,2.0,3.0,2.0,1.0,0.38483965014577254,0.5298507462686567,0.49166666666666714,0.5416666666666666,0.32932505818463925,3.0,1.0,0.1811320754716981,1.0,0.46428571428571425,0.6333333333333333,0.1875,0.225,0.5510204081632653,0.3055555555555556,0.3684210526315789,0.21925425748473262,0.0
0.518324607329843,2.0,1.0,1.0,2.0,3.0,3.0,1.0,0.3731778425655979,0.5298507462686567,0.5083333333333341,0.5416666666666666,0.5182311869666408,3.0,3.0,0.2830188679245283,1.0,0.46428571428571425,0.6333333333333333,0.0625,0.2791666666666667,0.5510204081632653,0.1388888888888889,0.15789473684210525,0.30614170100789434,0.0
0.5026178010471204,2.0,1.0,1.0,1.0,3.0,2.0,1.0,0.38483965014577254,0.5402985074626868,0.5,0.44166666666666704,0.39526764934057407,3.0,3.0,0.2830188679245283,1.0,0.46428571428571425,0.6333333333333333,0.09375,0.25833333333333336,0.5510204081632653,0.16666666666666666,0.23684210526315788,0.25152673650762125,0.0
0.4869109947643979,2.0,1.0,1.0,2.0,3.0,2.0,1.0,0.5597667638483964,0.7701492537313432,0.9250000000000007,0.6583333333333338,0.525989138867339,3.0,3.0,0.2830188679245283,1.0,0.46428571428571425,0.6333333333333333,0.09375,0.25833333333333336,0.5510204081632653,0.16666666666666666,0.23684210526315788,0.3125961968124721,0.0
0.5026178010471204,2.0,1.0,1.0,2.0,4.0,2.0,1.0,0.5597667638483964,0.7701492537313432,0.9250000000000007,0.6583333333333338,0.5686578743211792,3.0,3.0,0.2830188679245283,1.0,0.46428571428571425,0.6333333333333333,0.09375,0.25833333333333336,0.5510204081632653,0.16666666666666666,0.23684210526315788,0.3426344272876223,0.0
0.4869109947643979,2.0,1.0,2.0,2.0,3.0,2.0,1.0,0.5597667638483964,0.7701492537313432,0.9250000000000007,0.6750000000000002,0.6198603568657874,3.0,3.0,0.2641509433962264,1.0,0.4214285714285714,0.6333333333333333,0.08125000000000004,0.38333333333333336,0.5510204081632653,0.1111111111111111,0.10526315789473684,0.4656422223325555,0.0
0.5026178010471204,2.0,1.0,2.0,1.0,2.0,3.0,1.0,0.37609329446064144,0.553731343283582,0.6333333333333341,0.35000000000000026,0.6070597362296354,3.0,3.0,0.2641509433962264,1.0,0.4214285714285714,0.6333333333333333,0.0,0.4666666666666667,0.5510204081632653,0.08333333333333333,0.15789473684210525,0.20805818976217666,0.0
0.6649214659685864,3.0,1.0,1.0,1.0,3.0,1.0,1.0,0.42565597667638494,0.5328358208955226,0.375,0.5416666666666666,0.3518231186966641,3.0,1.0,0.17735849056603772,1.0,0.6857142857142857,0.3476190476190476,0.11250000000000004,0.22083333333333333,0.673469387755102,0.2777777777777778,0.34210526315789475,0.28082021746685865,0.0
0.6649214659685864,3.0,1.0,1.0,2.0,3.0,1.0,1.0,0.42565597667638494,0.5328358208955226,0.375,0.5416666666666666,0.3518231186966641,3.0,1.0,0.17735849056603772,1.0,0.6857142857142857,0.3476190476190476,0.11250000000000004,0.22083333333333333,0.673469387755102,0.2777777777777778,0.34210526315789475,0.29310858447942006,0.0
0.643979057591623,3.0,1.0,1.0,1.0,3.0,1.0,1.0,0.42565597667638494,0.5328358208955226,0.375,0.5416666666666666,0.474010861132661,3.0,2.0,0.3886792452830189,1.0,0.55,0.5333333333333333,0.125,0.30416666666666664,0.04081632653061224,0.2222222222222222,0.3157894736842105,0.39352564420833125,0.0
0.643979057591623,3.0,1.0,1.0,2.0,3.0,1.0,1.0,0.42565597667638494,0.5328358208955226,0.375,0.5416666666666666,0.49534522885958104,3.0,2.0,0.3886792452830189,1.0,0.55,0.5333333333333333,0.125,0.30416666666666664,0.04081632653061224,0.2222222222222222,0.3157894736842105,0.39687701702993894,0.0
0.5026178010471204,3.0,1.0,1.0,2.0,3.0,1.0,1.0,0.49271137026239065,0.7149253731343285,0.5500000000000007,0.6583333333333338,0.6078355314197051,3.0,2.0,0.3886792452830189,1.0,0.55,0.5333333333333333,0.125,0.30416666666666664,0.04081632653061224,0.19444444444444445,0.23684210526315788,0.48277146119855024,0.0
0.5026178010471204,3.0,1.0,1.0,2.0,3.0,1.0,1.0,0.49271137026239065,0.7149253731343285,0.5500000000000007,0.6583333333333338,0.6757176105508146,3.0,2.0,0.5584905660377358,1.0,0.7714285714285716,0.6285714285714287,0.0625,0.5583333333333333,0.5102040816326531,0.08333333333333333,0.15789473684210525,0.6365622362345464,0.0
0.5026178010471204,3.0,1.0,1.0,1.0,3.0,1.0,1.0,0.49271137026239065,0.7865671641791048,0.6333333333333341,0.49166666666666714,0.7339022498060512,3.0,2.0,0.5584905660377358,1.0,0.7714285714285716,0.6285714285714287,0.0625,0.5583333333333333,0.5102040816326531,0.08333333333333333,0.15789473684210525,0.8985899409165384,0.0
0.5026178010471204,3.0,1.0,1.0,2.0,3.0,1.0,1.0,0.6822157434402332,0.8343283582089553,0.8833333333333341,0.7083333333333334,0.7823894491854151,3.0,2.0,0.5584905660377358,1.0,0.7714285714285716,0.6285714285714287,0.0625,0.5583333333333333,0.5102040816326531,0.05555555555555555,0.10526315789473684,0.7884911374807606,0.0
0.2931937172774869,4.0,1.0,1.0,1.0,2.0,2.0,1.0,0.052478134110787486,0.0,0.0,0.45000000000000046,0.0,4.0,4.0,0.0,2.0,0.2642857142857144,0.45714285714285713,0.15625,0.0,0.3877551020408163,0.9444444444444444,0.9736842105263158,0.0008192244675040961,0.0
0.17277486910994763,4.0,1.0,1.0,1.0,2.0,2.0,1.0,0.2303206997084549,0.22089552238805987,0.27500000000000036,0.35000000000000026,0.14972847168347556,3.0,1.0,0.10943396226415095,2.0,0.34999999999999987,0.49523809523809526,0.16249999999999998,0.09166666666666666,0.5102040816326531,0.6944444444444444,0.7105263157894737,0.029219006007646094,0.0
0.08376963350785341,4.0,1.0,1.0,2.0,3.0,2.0,1.0,0.2303206997084549,0.26417910447761217,0.27500000000000036,0.35000000000000026,0.16330488750969743,3.0,1.0,0.10943396226415095,2.0,0.34999999999999987,0.49523809523809526,0.16249999999999998,0.09166666666666666,0.5102040816326531,0.6944444444444444,0.7105263157894737,0.03617000148949903,0.0
0.2774869109947644,5.0,1.0,1.0,1.0,2.0,2.0,1.0,0.20699708454810514,0.24179104477611965,0.2916666666666667,0.25,0.15050426687354537,3.0,1.0,0.10943396226415095,2.0,0.3071428571428573,0.5523809523809524,0.150625,0.08333333333333333,0.5510204081632653,0.6666666666666666,0.6578947368421053,0.011270542674147262,0.0
0.2774869109947644,5.0,1.0,1.0,1.0,2.0,2.0,1.0,0.20699708454810514,0.24179104477611965,0.2916666666666667,0.25,0.15050426687354537,3.0,1.0,0.10943396226415095,2.0,0.3071428571428573,0.5523809523809524,0.15000000000000002,0.08333333333333333,0.5510204081632653,0.5,0.5789473684210527,0.031254654684474456,0.0
0.2774869109947644,5.0,1.0,2.0,1.0,2.0,2.0,1.0,0.20699708454810514,0.24179104477611965,0.2916666666666667,0.25,0.2482544608223429,3.0,1.0,0.13962264150943396,1.0,0.34999999999999987,0.6285714285714287,0.03749999999999998,0.225,0.5510204081632653,0.3055555555555556,0.3684210526315789,0.07047812918921603,0.0
0.43455497382198954,5.0,1.0,1.0,2.0,2.0,2.0,1.0,0.20699708454810514,0.24179104477611965,0.2916666666666667,0.2333333333333337,0.18580294802172226,3.0,1.0,0.10943396226415095,2.0,0.3071428571428573,0.5523809523809524,0.15000000000000002,0.08333333333333333,0.5510204081632653,0.5,0.5789473684210527,0.0275805570726379,0.0
0.43455497382198954,5.0,1.0,1.0,2.0,3.0,2.0,1.0,0.20699708454810514,0.24179104477611965,0.2916666666666667,0.2333333333333337,0.1943366951124903,3.0,1.0,0.10943396226415095,2.0,0.3071428571428573,0.5523809523809524,0.15000000000000002,0.08333333333333333,0.5510204081632653,0.5,0.5789473684210527,0.03907452460155901,0.0
0.43455497382198954,5.0,1.0,1.0,2.0,3.0,2.0,1.0,0.20699708454810514,0.24179104477611965,0.2916666666666667,0.2333333333333337,0.1943366951124903,3.0,1.0,0.10943396226415095,2.0,0.3071428571428573,0.5523809523809524,0.15000000000000002,0.08333333333333333,0.5510204081632653,0.5,0.5789473684210527,0.06183903480462738,0.0
0.43455497382198954,5.0,1.0,2.0,2.0,3.0,2.0,1.0,0.20699708454810514,0.24179104477611965,0.2916666666666667,0.2333333333333337,0.2726920093095423,3.0,1.0,0.13962264150943396,1.0,0.34999999999999987,0.6285714285714287,0.03749999999999998,0.225,0.5510204081632653,0.3055555555555556,0.3684210526315789,0.08539794449133609,0.0
0.2356020942408377,5.0,1.0,1.0,2.0,4.0,2.0,1.0,0.48688046647230315,0.5,0.3583333333333331,1.0,0.4061287820015516,3.0,1.0,0.23018867924528302,2.0,0.5714285714285713,0.6619047619047619,0.09375,0.16666666666666666,0.3469387755102041,0.3055555555555556,0.3684210526315789,0.09440941363388114,1.0
0.418848167539267,5.0,1.0,2.0,1.0,2.0,2.0,1.0,0.2711370262390673,0.4791044776119402,0.5,0.20000000000000048,0.5131885182311869,3.0,1.0,0.3584905660377358,3.0,0.7571428571428572,0.8714285714285714,0.0,0.4041666666666667,0.3469387755102041,0.16666666666666666,0.21052631578947367,0.1947768233950648,0.0
0.3769633507853403,6.0,1.0,1.0,1.0,2.0,2.0,1.0,0.0,0.05223880597014925,0.3000000000000001,0.25,0.08727695888285493,3.0,1.0,0.1169811320754717,4.0,0.2642857142857144,0.6380952380952382,0.16249999999999998,0.041666666666666664,0.2653061224489796,1.0,1.0,0.03378680303857803,0.0
0.3769633507853403,6.0,1.0,1.0,1.0,2.0,2.0,1.0,0.0,0.05223880597014925,0.3000000000000001,0.25,0.12839410395655548,3.0,1.0,0.1169811320754717,4.0,0.2642857142857144,0.6380952380952382,0.13749999999999996,0.11666666666666667,0.7551020408163265,0.5,0.5789473684210527,0.043120996971351966,0.0
0.18848167539267016,6.0,1.0,1.0,1.0,2.0,2.0,1.0,0.20699708454810514,0.13283582089552248,0.30833333333333357,0.40000000000000036,0.13537626066718386,3.0,1.0,0.06792452830188679,4.0,0.2642857142857144,0.47619047619047616,0.19374999999999998,0.05,0.5510204081632653,0.6944444444444444,0.6842105263157895,0.006975820465716698,0.0
0.18848167539267016,6.0,1.0,1.0,1.0,2.0,2.0,1.0,0.20699708454810514,0.13283582089552248,0.30833333333333357,0.40000000000000036,0.17532971295577968,3.0,1.0,0.1169811320754717,4.0,0.2642857142857144,0.6380952380952382,0.13749999999999996,0.11666666666666667,0.7551020408163265,0.4722222222222222,0.47368421052631576,0.03502805223176605,0.0
0.18848167539267016,6.0,1.0,1.0,1.0,2.0,2.0,1.0,0.20699708454810514,0.13283582089552248,0.30833333333333357,0.40000000000000036,0.18153607447633824,3.0,1.0,0.1169811320754717,4.0,0.2642857142857144,0.6380952380952382,0.13749999999999996,0.11666666666666667,0.7551020408163265,0.4722222222222222,0.47368421052631576,0.04992304255002234,0.0
0.2356020942408377,6.0,1.0,1.0,2.0,3.0,2.0,1.0,0.28862973760932953,0.33283582089552255,0.30833333333333357,0.5583333333333336,0.20248254460822343,3.0,1.0,0.1169811320754717,4.0,0.2642857142857144,0.6380952380952382,0.13749999999999996,0.11666666666666667,0.7551020408163265,0.4722222222222222,0.47368421052631576,0.054043989871406586,0.0
0.06806282722513089,6.0,1.0,1.0,2.0,4.0,2.0,1.0,0.28862973760932953,0.23880597014925373,0.3000000000000001,0.875,0.20791311093871218,3.0,1.0,0.1169811320754717,4.0,0.27142857142857135,0.6380952380952382,0.13749999999999996,0.11666666666666667,0.7551020408163265,0.4722222222222222,0.47368421052631576,0.054043989871406586,0.0
0.21465968586387435,6.0,1.0,1.0,1.0,2.0,2.0,1.0,0.28862973760932953,0.39402985074626873,0.4083333333333338,0.4583333333333333,0.29014740108611325,3.0,1.0,0.18490566037735848,4.0,0.43571428571428567,0.7190476190476192,0.125,0.15833333333333333,0.673469387755102,0.3888888888888889,0.4473684210526316,0.06893898018966288,0.0
0.21465968586387435,6.0,1.0,1.0,1.0,2.0,2.0,1.0,0.28862973760932953,0.39402985074626873,0.4083333333333338,0.4583333333333333,0.31070597362296354,3.0,1.0,0.18490566037735848,4.0,0.43571428571428567,0.7190476190476192,0.125,0.15833333333333333,0.673469387755102,0.3888888888888889,0.4473684210526316,0.09872896082617547,0.0
0.10471204188481675,6.0,1.0,1.0,2.0,3.0,2.0,1.0,0.28862973760932953,0.5119402985074628,0.4083333333333338,0.5250000000000004,0.3165244375484872,3.0,1.0,0.18490566037735848,4.0,0.43571428571428567,0.7190476190476192,0.125,0.15833333333333333,0.673469387755102,0.3888888888888889,0.4473684210526316,0.09252271486023535,0.0
0.10471204188481675,6.0,1.0,1.0,2.0,3.0,2.0,1.0,0.28862973760932953,0.5119402985074628,0.18333333333333357,0.5250000000000004,0.34290147401086113,3.0,1.0,0.18490566037735848,4.0,0.43571428571428567,0.7190476190476192,0.125,0.15833333333333333,0.673469387755102,0.3888888888888889,0.4473684210526316,0.12851894146268805,0.0
0.10471204188481675,6.0,1.0,1.0,2.0,3.0,2.0,1.0,0.28862973760932953,0.5119402985074628,0.4083333333333338,0.5250000000000004,0.37897595034910786,3.0,1.0,0.18490566037735848,1.0,0.43571428571428567,0.7190476190476192,0.125,0.22083333333333333,0.673469387755102,0.3055555555555556,0.3157894736842105,0.19430514870165336,0.0
0.2198952879581152,6.0,1.0,1.0,1.0,3.0,2.0,1.0,0.28862973760932953,0.417910447761194,0.47500000000000026,0.2666666666666669,0.31225756400310317,3.0,1.0,0.18490566037735848,2.0,0.43571428571428567,0.7190476190476192,0.13124999999999998,0.21666666666666667,0.5510204081632653,0.3333333333333333,0.39473684210526316,0.12976019065587607,0.0
0.5026178010471204,7.0,1.0,1.0,2.0,3.0,1.0,1.0,0.22448979591836735,0.4417910447761193,0.125,0.47500000000000026,0.32932505818463925,3.0,1.0,0.18867924528301888,2.0,0.55,0.5523809523809524,0.09375,0.125,0.2653061224489796,0.3055555555555556,0.34210526315789475,0.04138324810088873,0.0
0.5026178010471204,7.0,1.0,1.0,1.0,3.0,2.0,1.0,0.2303206997084549,0.22089552238805987,0.27500000000000036,0.35000000000000026,0.14972847168347556,3.0,1.0,0.10943396226415095,2.0,0.34999999999999987,0.49523809523809526,0.16249999999999998,0.09166666666666666,0.5102040816326531,0.6944444444444444,0.7105263157894737,0.20805818976217666,0.0
0.5026178010471204,7.0,1.0,1.0,2.0,3.0,2.0,1.0,0.2303206997084549,0.22089552238805987,0.27500000000000036,0.35000000000000026,0.16330488750969743,3.0,1.0,0.10943396226415095,2.0,0.34999999999999987,0.49523809523809526,0.16249999999999998,0.09166666666666666,0.5102040816326531,0.6944444444444444,0.7105263157894737,0.20805818976217666,0.0
0.5026178010471204,7.0,1.0,1.0,1.0,2.0,1.0,1.0,0.2740524781341109,0.4701492537313433,0.4083333333333338,0.3000000000000001,0.48332040341349886,3.0,1.0,0.2188679245283019,5.0,0.6357142857142859,0.5523809523809524,0.13749999999999996,0.175,0.3469387755102041,0.3055555555555556,0.34210526315789475,0.1472121543120997,0.0
0.418848167539267,8.0,1.0,1.0,2.0,3.0,1.0,1.0,0.7696793002915451,0.8731343283582089,0.7749999999999998,0.4166666666666667,1.0,1.0,2.0,0.7433962264150943,1.0,0.7785714285714285,1.0,0.06874999999999998,0.5333333333333333,0.24489795918367346,0.05555555555555555,0.07894736842105263,0.6735514621915496,0.0
0.5026178010471204,8.0,1.0,1.0,2.0,3.0,1.0,1.0,0.7696793002915451,0.8731343283582089,0.7749999999999998,0.4166666666666667,1.0,1.0,2.0,0.7433962264150943,1.0,0.7785714285714285,1.0,0.06874999999999998,0.5333333333333333,0.24489795918367346,0.05555555555555555,0.07894736842105263,0.7554739089419592,0.0
0.5026178010471204,8.0,1.0,1.0,1.0,3.0,1.0,1.0,0.4489795918367347,0.7552238805970148,0.8583333333333331,0.0,0.9550038789759504,2.0,5.0,1.0,1.0,0.7142857142857143,0.3285714285714285,0.28125,0.8916666666666667,0.3469387755102041,0.0,0.02631578947368421,0.7666451516806514,0.0
0.20418848167539266,9.0,1.0,1.0,1.0,2.0,2.0,1.0,0.1895043731778425,0.26865671641791045,0.32500000000000046,0.5250000000000004,0.15593483320403415,3.0,1.0,0.11320754716981132,2.0,0.34999999999999987,0.5142857142857143,0.125,0.08333333333333333,0.3469387755102041,0.4722222222222222,0.39473684210526316,0.0019115237575095577,0.0
0.20418848167539266,9.0,1.0,1.0,1.0,2.0,2.0,1.0,0.1895043731778425,0.26865671641791045,0.32500000000000046,0.5250000000000004,0.15981380915438323,3.0,1.0,0.11320754716981132,2.0,0.34999999999999987,0.5142857142857143,0.125,0.08333333333333333,0.3469387755102041,0.5,0.5789473684210527,0.024254009234893997,0.0
0.20418848167539266,9.0,1.0,1.0,1.0,2.0,2.0,1.0,0.1895043731778425,0.26865671641791045,0.32500000000000046,0.5250000000000004,0.1617532971295578,3.0,1.0,0.11320754716981132,2.0,0.34999999999999987,0.5142857142857143,0.125,0.08333333333333333,0.3469387755102041,0.5,0.5789473684210527,0.04163149793952634,0.0
0.2513089005235602,9.0,1.0,1.0,2.0,3.0,2.0,1.0,0.1895043731778425,0.38358208955223905,0.32500000000000046,0.5250000000000004,0.17726920093095422,3.0,1.0,0.11320754716981132,2.0,0.34999999999999987,0.5142857142857143,0.125,0.08333333333333333,0.3469387755102041,0.5,0.5789473684210527,0.03914899955315029,0.0
0.2513089005235602,9.0,1.0,1.0,2.0,3.0,2.0,1.0,0.1895043731778425,0.38358208955223905,0.32500000000000046,0.5250000000000004,0.1792086889061288,3.0,1.0,0.11320754716981132,2.0,0.3857142857142858,0.5142857142857143,0.125,0.08333333333333333,0.3469387755102041,0.5,0.5789473684210527,0.056526488257782635,0.0
0.44502617801047123,9.0,1.0,1.0,1.0,2.0,1.0,1.0,0.2536443148688047,0.4164179104477613,0.45000000000000046,0.15000000000000036,0.3460046547711404,5.0,6.0,0.033962264150943396,6.0,0.7714285714285716,0.6333333333333333,0.15000000000000002,0.22083333333333333,0.7551020408163265,0.1111111111111111,0.18421052631578946,0.14465518097413238,0.0
0.44502617801047123,9.0,1.0,1.0,1.0,2.0,1.0,1.0,0.2536443148688047,0.4164179104477613,0.45000000000000046,0.15000000000000036,0.3460046547711404,5.0,6.0,0.033962264150943396,6.0,0.7714285714285716,0.6333333333333333,0.15000000000000002,0.22083333333333333,0.7551020408163265,0.1111111111111111,0.18421052631578946,0.1669976664515168,0.0
0.44502617801047123,9.0,1.0,1.0,1.0,2.0,1.0,1.0,0.2536443148688047,0.4164179104477613,0.45000000000000046,0.15000000000000036,0.34794414274631497,5.0,6.0,0.033962264150943396,6.0,0.7714285714285716,0.6333333333333333,0.15000000000000002,0.22083333333333333,0.7551020408163265,0.1111111111111111,0.18421052631578946,0.21168263740628568,0.0
0.44502617801047123,9.0,1.0,1.0,1.0,2.0,1.0,1.0,0.2536443148688047,0.4164179104477613,0.45000000000000046,0.15000000000000036,0.39255236617532974,5.0,6.0,0.07169811320754717,1.0,0.7714285714285716,0.6333333333333333,0.15000000000000002,0.3625,0.7551020408163265,0.08333333333333333,0.18421052631578946,0.2613326051338067,0.0
0.33507853403141363,9.0,1.0,1.0,1.0,2.0,2.0,1.0,0.35568513119533524,0.547761194029851,0.5166666666666669,0.49166666666666714,0.34794414274631497,3.0,1.0,0.23018867924528302,2.0,0.6071428571428572,0.6285714285714287,0.09999999999999998,0.15,0.2653061224489796,0.3611111111111111,0.42105263157894735,0.09252271486023535,0.0
0.2617801047120419,9.0,1.0,1.0,2.0,3.0,2.0,1.0,0.35568513119533524,0.547761194029851,0.5166666666666669,0.6416666666666669,0.35764158262218776,3.0,1.0,0.23018867924528302,2.0,0.6071428571428572,0.6285714285714287,0.09999999999999998,0.15,0.2653061224489796,0.3611111111111111,0.42105263157894735,0.08383397050791917,0.0
0.33507853403141363,9.0,1.0,1.0,1.0,2.0,2.0,1.0,0.35568513119533524,0.547761194029851,0.5166666666666669,0.49166666666666714,0.34794414274631497,3.0,1.0,0.23018867924528302,2.0,0.6071428571428572,0.6285714285714287,0.09999999999999998,0.15,0.2653061224489796,0.3611111111111111,0.42105263157894735,0.1359664366218162,0.0
0.2617801047120419,9.0,1.0,1.0,2.0,3.0,2.0,1.0,0.35568513119533524,0.547761194029851,0.5166666666666669,0.6416666666666669,0.35764158262218776,3.0,1.0,0.23018867924528302,2.0,0.6071428571428572,0.6285714285714287,0.09999999999999998,0.15,0.2653061224489796,0.3611111111111111,0.42105263157894735,0.12727769226950003,0.0
0.5026178010471204,9.0,2.0,1.0,2.0,3.0,2.0,1.0,0.35568513119533524,0.547761194029851,0.5166666666666669,0.6416666666666669,0.3704422032583398,3.0,1.0,0.23018867924528302,7.0,0.6071428571428572,0.6285714285714287,0.98125,0.06666666666666667,0.20408163265306123,0.6388888888888888,0.6842105263157895,0.1409314333945683,0.0
0.2617801047120419,9.0,1.0,1.0,2.0,2.0,2.0,1.0,0.35568513119533524,0.547761194029851,0.5166666666666669,0.6416666666666669,0.3634600465477114,3.0,1.0,0.23018867924528302,2.0,0.6071428571428572,0.6285714285714287,0.09999999999999998,0.15,0.2653061224489796,0.3611111111111111,0.42105263157894735,0.1521026761332605,0.0
0.2774869109947644,9.0,1.0,1.0,2.0,3.0,1.0,1.0,0.533527696793003,0.5059701492537314,0.4833333333333331,0.5500000000000002,0.45849495733126455,3.0,1.0,0.2981132075471698,1.0,0.8714285714285713,0.5190476190476192,0.0625,0.3,0.3469387755102041,0.16666666666666666,0.2894736842105263,0.32674643761481553,0.0
0.5026178010471204,9.0,2.0,1.0,2.0,3.0,1.0,1.0,0.533527696793003,0.5059701492537314,0.4833333333333331,0.5500000000000002,0.47013188518231186,3.0,1.0,0.27547169811320754,7.0,0.6357142857142859,0.7476190476190477,0.9375,0.1,0.02040816326530612,0.5,0.6052631578947368,0.32833523658209623,0.0
0.14659685863874344,10.0,2.0,2.0,2.0,3.0,1.0,1.0,0.6822157434402332,0.7432835820895524,0.8333333333333334,0.7250000000000002,0.7862684251357641,3.0,3.0,0.46037735849056605,7.0,0.7428571428571429,0.7476190476190477,0.90625,0.3125,0.08163265306122448,0.25,0.23684210526315788,0.5072737202720818,1.0
0.14659685863874344,10.0,2.0,2.0,2.0,4.0,1.0,1.0,0.6822157434402332,0.7432835820895524,0.8333333333333334,0.9083333333333338,0.8774243599689682,3.0,3.0,0.46037735849056605,7.0,0.7428571428571429,0.7476190476190477,0.90625,0.3125,0.08163265306122448,0.25,0.23684210526315788,0.5742018767687801,1.0
0.14659685863874344,10.0,2.0,2.0,1.0,5.0,1.0,1.0,0.5860058309037901,0.6925373134328359,0.8333333333333334,0.5916666666666668,0.778510473235066,3.0,3.0,0.46037735849056605,7.0,0.7428571428571429,0.7476190476190477,0.90625,0.3125,0.08163265306122448,0.25,0.23684210526315788,0.5724144779305893,0.0
0.14659685863874344,10.0,2.0,2.0,2.0,3.0,1.0,1.0,0.8454810495626819,0.917910447761194,0.9500000000000005,0.7083333333333334,0.8851823118696664,3.0,3.0,0.46037735849056605,7.0,0.7428571428571429,0.7476190476190477,0.90625,0.3125,0.08163265306122448,0.25,0.23684210526315788,0.6574152226801052,1.0
0.5026178010471204,10.0,1.0,1.0,2.0,3.0,1.0,1.0,0.8454810495626819,0.917910447761194,0.9500000000000005,0.7250000000000002,0.873545384018619,2.0,7.0,0.6528301886792452,1.0,0.6571428571428571,0.49047619047619057,0.08125000000000004,0.44583333333333336,0.24489795918367346,0.08333333333333333,0.05263157894736842,0.7215629809840624,1.0
0.4031413612565445,10.0,1.0,1.0,1.0,1.0,1.0,1.0,0.2915451895043731,0.5850746268656719,0.8500000000000002,0.25,0.852211016291699,2.0,7.0,0.6528301886792452,1.0,0.6571428571428571,0.49047619047619057,0.08125000000000004,0.44583333333333336,0.24489795918367346,0.08333333333333333,0.05263157894736842,0.7432103669132615,0.0
0.5026178010471204,10.0,1.0,1.0,2.0,3.0,1.0,1.0,1.0,1.0,0.9500000000000005,0.7416666666666671,0.9356089992242048,2.0,7.0,0.9320754716981132,1.0,0.8999999999999999,0.6095238095238096,0.0625,0.5666666666666667,0.14285714285714285,0.027777777777777776,0.0,0.8897770716449034,0.0
0.5026178010471204,10.0,1.0,1.0,1.0,5.0,1.0,1.0,0.7405247813411078,0.8671641791044775,0.9750000000000002,0.6333333333333334,0.8638479441427463,2.0,7.0,0.9169811320754717,1.0,0.8999999999999999,0.6095238095238096,0.0625,0.5666666666666667,0.14285714285714285,0.027777777777777776,0.0,1.0,0.0
0.5026178010471204,11.0,1.0,2.0,1.0,2.0,1.0,1.0,0.4693877551020409,0.5567164179104479,0.6416666666666669,0.5833333333333334,0.5515903801396431,3.0,1.0,0.2981132075471698,1.0,0.8857142857142856,0.5000000000000001,0.0625,0.5291666666666667,0.3469387755102041,0.16666666666666666,0.21052631578947367,0.2826324412889132,0.0
0.5026178010471204,12.0,1.0,1.0,1.0,2.0,2.0,1.0,0.20699708454810514,0.24179104477611965,0.3416666666666674,0.25,0.16679596586501164,3.0,1.0,0.1169811320754717,2.0,0.3071428571428573,0.5523809523809524,0.15000000000000002,0.08333333333333333,0.5510204081632653,0.6666666666666666,0.6578947368421053,0.006727570627079092,0.0
0.5026178010471204,12.0,1.0,1.0,1.0,2.0,2.0,1.0,0.20699708454810514,0.24179104477611965,0.3416666666666674,0.25,0.1768813033359193,3.0,1.0,0.1169811320754717,2.0,0.3071428571428573,0.5523809523809524,0.15000000000000002,0.08333333333333333,0.5510204081632653,0.5,0.5789473684210527,0.026587557718087483,0.0
0.5026178010471204,12.0,1.0,1.0,1.0,2.0,2.0,1.0,0.20699708454810514,0.24179104477611965,0.3416666666666674,0.25,0.20015515903801395,3.0,1.0,0.1169811320754717,2.0,0.3071428571428573,0.5523809523809524,0.15000000000000002,0.08333333333333333,0.5510204081632653,0.5,0.5789473684210527,0.038503549972692515,0.0
0.5026178010471204,12.0,1.0,2.0,1.0,2.0,2.0,1.0,0.18658892128279894,0.24179104477611965,0.2916666666666667,0.25,0.2548487199379364,3.0,1.0,0.13962264150943396,8.0,0.34999999999999987,0.6285714285714287,0.03749999999999998,0.225,0.5510204081632653,0.3055555555555556,0.3684210526315789,0.06382503351372822,0.0
0.4607329842931937,12.0,1.0,2.0,1.0,2.0,2.0,1.0,0.282798833819242,0.4761194029850747,0.4250000000000007,0.13333333333333344,0.3421256788207913,3.0,1.0,0.18490566037735848,8.0,0.44999999999999996,0.6619047619047619,0.03125,0.2833333333333333,0.5510204081632653,0.2777777777777778,0.3684210526315789,0.12017774688446453,0.0
0.4607329842931937,12.0,1.0,1.0,1.0,2.0,2.0,1.0,0.282798833819242,0.4761194029850747,0.4250000000000007,0.13333333333333344,0.32583397982932505,3.0,1.0,0.23018867924528302,2.0,0.5785714285714286,0.6619047619047619,0.09375,0.16666666666666666,0.3469387755102041,0.3333333333333333,0.42105263157894735,0.08393327044337422,0.0
0.5026178010471204,12.0,1.0,2.0,1.0,2.0,2.0,1.0,0.2711370262390673,0.4791044776119402,0.5,0.20000000000000048,0.521722265321955,3.0,1.0,0.3584905660377358,8.0,0.7428571428571429,0.8523809523809524,0.0,0.4041666666666667,0.3469387755102041,0.16666666666666666,0.21052631578947367,0.18646045380070503,0.0
0.5026178010471204,12.0,1.0,2.0,1.0,2.0,2.0,1.0,0.2711370262390673,0.4791044776119402,0.5,0.20000000000000048,0.5558572536850271,3.0,1.0,0.3584905660377358,8.0,0.7499999999999999,0.8523809523809524,0.0,0.4041666666666667,0.3469387755102041,0.16666666666666666,0.21052631578947367,0.24206841765552853,0.0
0.5026178010471204,12.0,1.0,2.0,1.0,2.0,2.0,1.0,0.2711370262390673,0.4791044776119402,0.5,0.20000000000000048,0.5577967416602017,3.0,1.0,0.3584905660377358,8.0,0.7499999999999999,0.8523809523809524,0.0,0.4041666666666667,0.3469387755102041,0.16666666666666666,0.21052631578947367,0.23263492378729952,0.0
0.31413612565445026,12.0,1.0,1.0,2.0,3.0,2.0,1.0,0.282798833819242,0.4671641791044778,0.4250000000000007,0.31666666666666704,0.34018619084561674,3.0,1.0,0.23018867924528302,2.0,0.5785714285714286,0.6619047619047619,0.09375,0.16666666666666666,0.3469387755102041,0.3333333333333333,0.42105263157894735,0.046447544809095874,0.0
0.31413612565445026,12.0,1.0,1.0,2.0,3.0,2.0,1.0,0.282798833819242,0.4671641791044778,0.4250000000000007,0.31666666666666704,0.3557020946470132,3.0,1.0,0.23018867924528302,2.0,0.5785714285714286,0.6619047619047619,0.09375,0.16666666666666666,0.3469387755102041,0.3333333333333333,0.42105263157894735,0.07623752544560847,0.0
0.31413612565445026,12.0,1.0,2.0,2.0,3.0,2.0,1.0,0.282798833819242,0.4671641791044778,0.4250000000000007,0.31666666666666704,0.3549262994569434,3.0,1.0,0.18490566037735848,8.0,0.44999999999999996,0.6619047619047619,0.03125,0.2833333333333333,0.5510204081632653,0.2777777777777778,0.3684210526315789,0.10329675785710739,0.0
0.3769633507853403,12.0,1.0,1.0,2.0,3.0,2.0,1.0,0.282798833819242,0.4671641791044778,0.4250000000000007,0.31666666666666704,0.3549262994569434,3.0,1.0,0.18490566037735848,8.0,0.44999999999999996,0.6619047619047619,0.03125,0.2833333333333333,0.5510204081632653,0.2777777777777778,0.3684210526315789,0.10329675785710739,1.0
0.3298429319371728,13.0,1.0,1.0,1.0,3.0,2.0,1.0,0.2303206997084549,0.3611940298507465,0.2916666666666667,0.5583333333333336,0.15554693560899924,3.0,1.0,0.13584905660377358,2.0,0.43571428571428567,0.580952380952381,0.15000000000000002,0.0875,0.42857142857142855,0.5,0.5526315789473685,0.009458318852092746,0.0
0.3298429319371728,13.0,2.0,1.0,1.0,3.0,2.0,1.0,0.2303206997084549,0.3611940298507465,0.2916666666666667,0.5583333333333336,0.20519782777346782,3.0,1.0,0.15849056603773584,7.0,0.32142857142857156,0.6666666666666669,0.9312499999999999,0.029166666666666667,0.2653061224489796,0.8888888888888888,0.8947368421052632,0.049178293034109526,0.0
0.3298429319371728,13.0,1.0,1.0,1.0,3.0,2.0,1.0,0.2303206997084549,0.3611940298507465,0.2916666666666667,0.5583333333333336,0.16679596586501164,3.0,1.0,0.13584905660377358,2.0,0.43571428571428567,0.580952380952381,0.15000000000000002,0.0875,0.42857142857142855,0.5,0.5526315789473685,0.03800705029541731,0.0
0.29842931937172773,13.0,1.0,1.0,2.0,3.0,2.0,1.0,0.2303206997084549,0.3611940298507465,0.2916666666666667,0.5583333333333336,0.17455391776570986,3.0,1.0,0.13584905660377358,2.0,0.43571428571428567,0.580952380952381,0.15000000000000002,0.0875,0.42857142857142855,0.5,0.5526315789473685,0.04297204706816941,0.0
0.19895287958115182,13.0,1.0,1.0,2.0,4.0,2.0,1.0,0.2303206997084549,0.43432835820895516,0.2916666666666667,0.47500000000000026,0.20791311093871218,3.0,1.0,0.13584905660377358,2.0,0.43571428571428567,0.580952380952381,0.15000000000000002,0.0875,0.42857142857142855,0.5,0.5526315789473685,0.05538453900004965,0.0
0.3298429319371728,13.0,1.0,1.0,1.0,3.0,2.0,1.0,0.2303206997084549,0.3611940298507465,0.2916666666666667,0.5583333333333336,0.1795965865011637,3.0,1.0,0.13584905660377358,2.0,0.43571428571428567,0.580952380952381,0.15000000000000002,0.0875,0.42857142857142855,0.5,0.5526315789473685,0.05414328980686162,0.0
0.3298429319371728,13.0,1.0,1.0,1.0,2.0,2.0,1.0,0.2303206997084549,0.3656716417910448,0.2916666666666667,0.4583333333333333,0.20946470131885184,3.0,1.0,0.13584905660377358,2.0,0.43571428571428567,0.580952380952381,0.15000000000000002,0.0875,0.42857142857142855,0.5,0.5526315789473685,0.06655578173874187,0.0
0.29842931937172773,13.0,1.0,1.0,2.0,3.0,2.0,1.0,0.2303206997084549,0.3611940298507465,0.2916666666666667,0.5583333333333336,0.18735453840186192,3.0,1.0,0.13584905660377358,2.0,0.43571428571428567,0.580952380952381,0.15000000000000002,0.0875,0.42857142857142855,0.5,0.5526315789473685,0.05910828657961372,0.0
0.19895287958115182,13.0,1.0,1.0,2.0,4.0,2.0,1.0,0.2303206997084549,0.43432835820895516,0.2916666666666667,0.47500000000000026,0.212955779674166,3.0,1.0,0.13584905660377358,2.0,0.43571428571428567,0.580952380952381,0.15000000000000002,0.0875,0.42857142857142855,0.5,0.5526315789473685,0.07152077851149397,0.0
0.5392670157068062,13.0,1.0,1.0,1.0,5.0,2.0,1.0,0.24781341107871713,0.3179104477611942,0.2916666666666667,0.4583333333333333,0.2017067494181536,3.0,1.0,0.13584905660377358,2.0,0.43571428571428567,0.580952380952381,0.15000000000000002,0.0875,0.42857142857142855,0.5,0.5526315789473685,0.07772702447743408,0.0
0.21465968586387435,13.0,1.0,1.0,2.0,2.0,2.0,1.0,0.30903790087463573,0.4820895522388061,0.4083333333333338,0.5750000000000005,0.3242823894491854,3.0,1.0,0.22264150943396227,2.0,0.5642857142857144,0.6666666666666669,0.09375,0.20416666666666666,0.42857142857142855,0.3888888888888889,0.47368421052631576,0.09510451318206643,0.0
0.21465968586387435,13.0,1.0,1.0,2.0,3.0,2.0,1.0,0.30903790087463573,0.4820895522388061,0.4083333333333338,0.5750000000000005,0.3157486423584174,3.0,1.0,0.22264150943396227,2.0,0.5642857142857144,0.6666666666666669,0.09375,0.20416666666666666,0.42857142857142855,0.3888888888888889,0.47368421052631576,0.10999950350032273,0.0
0.3298429319371728,13.0,1.0,1.0,2.0,3.0,2.0,1.0,0.4023323615160352,0.6059701492537313,0.5166666666666669,0.6083333333333337,0.6233514352211016,2.0,2.0,0.4528301886792453,1.0,0.6357142857142859,0.5714285714285715,0.125,0.43333333333333335,0.42857142857142855,0.1111111111111111,0.15789473684210525,0.20805818976217666,0.0
0.225130890052356,13.0,1.0,1.0,2.0,4.0,2.0,1.0,0.4023323615160352,0.6492537313432836,0.5166666666666669,0.691666666666667,0.7013188518231187,2.0,2.0,0.4528301886792453,1.0,0.6357142857142859,0.5714285714285715,0.125,0.43333333333333335,0.42857142857142855,0.1111111111111111,0.15789473684210525,0.2304006752395611,0.0
0.225130890052356,13.0,1.0,1.0,2.0,3.0,2.0,1.0,0.4023323615160352,0.6492537313432836,0.5166666666666669,0.6083333333333337,0.6097750193948798,2.0,2.0,0.4528301886792453,1.0,0.6357142857142859,0.5714285714285715,0.125,0.43333333333333335,0.42857142857142855,0.16666666666666666,0.23684210526315788,0.20805818976217666,0.0
0.675392670157068,13.0,1.0,1.0,1.0,2.0,1.0,1.0,0.13702623906705544,0.4417910447761193,0.6333333333333341,0.1583333333333338,0.6140418929402638,2.0,2.0,0.4528301886792453,1.0,0.6357142857142859,0.5714285714285715,0.125,0.4666666666666667,0.42857142857142855,0.16666666666666666,0.23684210526315788,0.2999106300580905,0.0
0.675392670157068,13.0,1.0,2.0,1.0,2.0,1.0,1.0,0.13702623906705544,0.4417910447761193,0.6333333333333341,0.1583333333333338,0.6404189294026377,2.0,2.0,0.4528301886792453,1.0,0.6357142857142859,0.5714285714285715,0.04999999999999999,0.6333333333333333,0.42857142857142855,0.1111111111111111,0.18421052631578946,0.3619730897174917,0.0
0.8691099476439791,13.0,1.0,1.0,1.0,2.0,1.0,1.0,0.36734693877551033,0.5582089552238807,0.6333333333333341,0.1583333333333338,0.6404189294026377,2.0,2.0,0.4528301886792453,1.0,0.6357142857142859,0.5714285714285715,0.125,0.4666666666666667,0.42857142857142855,0.16666666666666666,0.23684210526315788,0.32970061069460305,0.0
0.5026178010471204,14.0,1.0,1.0,2.0,3.0,1.0,1.0,0.620991253644315,0.6805970149253731,0.6750000000000007,0.7416666666666671,0.5942591155934833,4.0,1.0,0.22264150943396227,1.0,0.6571428571428571,0.5333333333333333,0.08750000000000002,0.20416666666666666,0.3469387755102041,0.16666666666666666,0.21052631578947367,0.16836304056402362,0.0
0.5026178010471204,14.0,2.0,2.0,2.0,3.0,1.0,1.0,0.620991253644315,0.6805970149253731,0.6750000000000007,0.7416666666666671,0.6629169899146625,4.0,1.0,0.3433962264150943,7.0,0.8285714285714287,0.6904761904761906,0.875,0.19583333333333333,0.0,0.4166666666666667,0.4473684210526316,0.20063551958691228,0.0
0.5026178010471204,14.0,1.0,1.0,2.0,4.0,1.0,1.0,0.8046647230320699,0.8626865671641792,0.6750000000000007,0.9083333333333338,0.6757176105508146,4.0,1.0,0.22264150943396227,1.0,0.6571428571428571,0.5333333333333333,0.08750000000000002,0.20416666666666666,0.3469387755102041,0.16666666666666666,0.21052631578947367,0.1817685318504543,0.0
0.5026178010471204,14.0,2.0,2.0,2.0,4.0,1.0,1.0,0.8046647230320699,0.8626865671641792,0.6750000000000007,0.9083333333333338,0.7532971295577967,4.0,1.0,0.3433962264150943,7.0,0.8285714285714287,0.6904761904761906,0.875,0.19583333333333333,0.0,0.3333333333333333,0.23684210526315788,0.2170200089369942,0.0
0.5026178010471204,14.0,1.0,1.0,2.0,3.0,1.0,1.0,0.620991253644315,0.6805970149253731,0.6750000000000007,0.7416666666666671,0.6155934833204034,4.0,1.0,0.22264150943396227,1.0,0.6571428571428571,0.05714285714285719,0.08750000000000002,0.19583333333333333,0.3469387755102041,0.16666666666666666,0.21052631578947367,0.25971898118266223,0.0
0.5026178010471204,14.0,2.0,2.0,2.0,3.0,1.0,1.0,0.620991253644315,0.6805970149253731,0.6750000000000007,0.7416666666666671,0.6842513576415826,4.0,1.0,0.3433962264150943,7.0,0.8285714285714287,0.6904761904761906,0.875,0.19583333333333333,0.0,0.4166666666666667,0.4473684210526316,0.29248795988282605,0.0
0.5026178010471204,14.0,1.0,1.0,2.0,4.0,1.0,1.0,0.8046647230320699,0.8626865671641792,0.6750000000000007,0.7416666666666671,0.6970519782777347,4.0,1.0,0.22264150943396227,1.0,0.6571428571428571,0.05714285714285719,0.08750000000000002,0.19583333333333333,0.3469387755102041,0.16666666666666666,0.21052631578947367,0.2873988381907552,0.0
0.5026178010471204,14.0,2.0,2.0,2.0,4.0,1.0,1.0,0.8046647230320699,0.8626865671641792,0.6750000000000007,0.9083333333333338,0.7746314972847168,4.0,1.0,0.3433962264150943,7.0,0.8285714285714287,0.6904761904761906,0.875,0.19583333333333333,0.0,0.3333333333333333,0.23684210526315788,0.2968323320589842,0.0
0.5026178010471204,14.0,1.0,1.0,2.0,3.0,1.0,1.0,0.620991253644315,0.6805970149253731,0.6750000000000007,0.7416666666666671,0.6155934833204034,4.0,1.0,0.22264150943396227,1.0,0.6571428571428571,0.5333333333333333,0.08750000000000002,0.20416666666666666,0.3469387755102041,0.16666666666666666,0.21052631578947367,0.28578521423961073,0.0
0.5026178010471204,14.0,2.0,2.0,2.0,3.0,1.0,1.0,0.620991253644315,0.6805970149253731,0.6750000000000007,0.7416666666666671,0.6842513576415826,4.0,1.0,0.3433962264150943,7.0,0.8285714285714287,0.6904761904761906,0.875,0.19583333333333333,0.0,0.4166666666666667,0.4473684210526316,0.3185541929397746,0.0
0.5026178010471204,14.0,1.0,2.0,2.0,3.0,1.0,1.0,0.6239067055393586,0.6805970149253731,0.6666666666666666,0.6833333333333336,0.6369278510473235,4.0,1.0,0.27547169811320754,1.0,0.7642857142857142,0.5428571428571429,0.0,0.39166666666666666,0.5918367346938775,0.1388888888888889,0.21052631578947367,0.3235191897125267,0.0
0.28272251308900526,15.0,1.0,1.0,1.0,2.0,2.0,1.0,0.20699708454810514,0.24179104477611965,0.2916666666666667,0.25,0.16679596586501164,3.0,1.0,0.10943396226415095,2.0,0.3071428571428573,0.5523809523809524,0.15000000000000002,0.08333333333333333,0.5510204081632653,0.6666666666666666,0.6578947368421053,0.011270542674147262,0.0
0.28272251308900526,15.0,1.0,2.0,1.0,2.0,2.0,1.0,0.20699708454810514,0.24179104477611965,0.2916666666666667,0.25,0.2482544608223429,3.0,1.0,0.13962264150943396,8.0,0.34999999999999987,0.6285714285714287,0.03749999999999998,0.225,0.5510204081632653,0.3055555555555556,0.3684210526315789,0.07047812918921603,0.0
0.46596858638743455,15.0,1.0,1.0,2.0,2.0,2.0,1.0,0.20699708454810514,0.24179104477611965,0.2916666666666667,0.2333333333333337,0.18580294802172226,3.0,1.0,0.10943396226415095,2.0,0.3071428571428573,0.5523809523809524,0.15000000000000002,0.08333333333333333,0.5510204081632653,0.5,0.5789473684210527,0.0275805570726379,0.0
0.46596858638743455,15.0,1.0,1.0,2.0,3.0,2.0,1.0,0.20699708454810514,0.39104477611940325,0.2916666666666667,0.25,0.1943366951124903,3.0,1.0,0.10943396226415095,2.0,0.3071428571428573,0.5523809523809524,0.15000000000000002,0.08333333333333333,0.5510204081632653,0.5,0.5789473684210527,0.03907452460155901,0.0
0.46596858638743455,15.0,1.0,1.0,2.0,3.0,2.0,1.0,0.20699708454810514,0.39104477611940325,0.2916666666666667,0.25,0.2726920093095423,3.0,1.0,0.13962264150943396,2.0,0.3071428571428573,0.5523809523809524,0.15000000000000002,0.08333333333333333,0.5510204081632653,0.5,0.5789473684210527,0.06183903480462738,0.0
0.04712041884816754,15.0,1.0,1.0,2.0,4.0,2.0,1.0,0.48688046647230315,0.5,0.3583333333333331,1.0,0.4061287820015516,3.0,1.0,0.23018867924528302,2.0,0.5785714285714286,0.6619047619047619,0.09375,0.16666666666666666,0.3469387755102041,0.3055555555555556,0.3684210526315789,0.09440941363388114,1.0
0.5026178010471204,15.0,1.0,2.0,1.0,2.0,1.0,1.0,0.2711370262390673,0.4791044776119402,0.5,0.20000000000000048,0.5159038013964313,3.0,1.0,0.3584905660377358,8.0,0.7499999999999999,0.8523809523809524,0.0,0.4041666666666667,0.3469387755102041,0.16666666666666666,0.21052631578947367,0.1898118266223127,0.0
0.6335078534031413,16.0,1.0,1.0,1.0,2.0,1.0,1.0,0.2303206997084549,0.41492537313432853,0.6666666666666666,0.20000000000000048,0.5003878975950349,3.0,1.0,0.33962264150943394,1.0,1.0,0.49523809523809526,0.15625,0.3958333333333333,0.5510204081632653,0.16666666666666666,0.2894736842105263,0.41954222729755225,0.0
0.5026178010471204,16.0,1.0,1.0,1.0,5.0,1.0,2.0,0.08454810495626836,0.41492537313432853,0.3916666666666669,0.31666666666666704,0.4918541505042669,6.0,2.0,0.5018867924528302,1.0,0.8571428571428573,0.3952380952380953,0.15625,0.6625,0.7142857142857143,0.1111111111111111,0.23684210526315788,0.680452807705675,0.0
0.5026178010471204,16.0,1.0,1.0,1.0,5.0,1.0,2.0,0.08454810495626836,0.41492537313432853,0.3916666666666669,0.31666666666666704,0.4918541505042669,6.0,2.0,0.5018867924528302,1.0,0.8571428571428573,0.3952380952380953,0.15625,0.6625,0.7142857142857143,0.1111111111111111,0.23684210526315788,0.7176902835013157,0.0
0.5026178010471204,16.0,1.0,1.0,1.0,1.0,1.0,2.0,0.08454810495626836,0.41492537313432853,0.3916666666666669,0.31666666666666704,0.5089216446858029,6.0,2.0,0.5018867924528302,1.0,0.8571428571428573,0.3952380952380953,0.15625,0.6625,0.7142857142857143,0.1111111111111111,0.23684210526315788,0.7921652350925972,0.0
0.5026178010471204,16.0,1.0,1.0,1.0,2.0,1.0,1.0,0.3440233236151606,0.5164179104477611,1.0,0.22500000000000023,0.7284716834755625,7.0,7.0,0.5358490566037736,1.0,1.0,0.49523809523809526,0.1875,1.0,0.6530612244897959,0.1111111111111111,0.3157894736842105,0.20805818976217666,0.0
0.5026178010471204,17.0,1.0,1.0,2.0,4.0,2.0,1.0,0.27696793002915443,0.6029850746268658,0.5166666666666669,0.6166666666666671,0.42319627618308764,3.0,1.0,0.2679245283018868,1.0,0.6571428571428571,0.8714285714285714,0.10624999999999996,0.08333333333333333,0.5510204081632653,0.2777777777777778,0.39473684210526316,0.10369395759892756,0.0
0.5026178010471204,17.0,1.0,1.0,1.0,2.0,2.0,1.0,0.27696793002915443,0.5328358208955226,0.5249999999999998,0.22500000000000023,0.3770364623739333,3.0,1.0,0.2679245283018868,1.0,0.6571428571428571,0.8714285714285714,0.10624999999999996,0.08333333333333333,0.5510204081632653,0.2777777777777778,0.39473684210526316,0.11858894791718386,0.0
0.44502617801047123,18.0,1.0,1.0,1.0,2.0,2.0,1.0,0.36443148688046634,0.6791044776119403,0.5166666666666669,0.691666666666667,0.4538401861908456,3.0,1.0,0.22641509433962265,1.0,0.7142857142857143,0.47619047619047616,0.14437500000000003,0.25833333333333336,0.4489795918367347,0.2222222222222222,0.3157894736842105,0.1671217913708356,0.0
0.20418848167539266,18.0,1.0,1.0,2.0,3.0,2.0,1.0,0.36443148688046634,0.6791044776119403,0.5166666666666669,0.691666666666667,0.4681923972071373,3.0,1.0,0.22641509433962265,1.0,0.7142857142857143,0.47619047619047616,0.14375000000000004,0.25833333333333336,0.4489795918367347,0.2222222222222222,0.3157894736842105,0.17506578620723898,0.0
0.44502617801047123,18.0,1.0,1.0,1.0,2.0,2.0,1.0,0.36443148688046634,0.6791044776119403,0.5166666666666669,0.691666666666667,0.47284716834755625,3.0,1.0,0.22641509433962265,1.0,0.0,0.0,0.14375000000000004,0.25833333333333336,0.4489795918367347,0.2222222222222222,0.3157894736842105,0.24631348989623156,0.0
0.20418848167539266,18.0,1.0,1.0,2.0,3.0,2.0,1.0,0.36443148688046634,0.6791044776119403,0.5166666666666669,0.691666666666667,0.4926299456943367,3.0,1.0,0.22641509433962265,1.0,0.7142857142857143,0.47619047619047616,0.14375000000000004,0.25833333333333336,0.4489795918367347,0.2222222222222222,0.3157894736842105,0.257981232312199,0.0
0.44502617801047123,18.0,1.0,2.0,1.0,2.0,2.0,1.0,0.36443148688046634,0.6791044776119403,0.5166666666666669,0.691666666666667,0.5120248254460822,1.0,1.0,0.22641509433962265,1.0,0.7142857142857143,0.47619047619047616,0.125,0.4666666666666667,0.5510204081632653,0.16666666666666666,0.2631578947368421,0.3235191897125267,0.0
0.20418848167539266,18.0,1.0,2.0,2.0,3.0,2.0,1.0,0.36443148688046634,0.6791044776119403,0.5166666666666669,0.691666666666667,0.5271528316524438,1.0,1.0,0.22641509433962265,1.0,0.7142857142857143,0.47619047619047616,0.125,0.4666666666666667,0.5510204081632653,0.16666666666666666,0.2631578947368421,0.3351869321284941,0.0
0.09424083769633508,19.0,1.0,1.0,1.0,2.0,2.0,1.0,0.20699708454810514,0.23582089552238822,0.25833333333333347,0.49166666666666714,0.21799844840961985,6.0,1.0,0.13584905660377358,2.0,0.7714285714285716,0.1380952380952381,0.125,0.0875,0.30612244897959184,0.5,0.5263157894736842,0.0,0.0
0.09424083769633508,19.0,1.0,1.0,1.0,2.0,2.0,1.0,0.20699708454810514,0.25074626865671656,0.27500000000000036,0.49166666666666714,0.2451512800620636,6.0,1.0,0.17735849056603772,2.0,0.7714285714285716,0.2714285714285716,0.10624999999999996,0.10416666666666667,0.10204081632653061,0.3611111111111111,0.39473684210526316,0.04803634377637655,0.0
0.09424083769633508,19.0,1.0,1.0,1.0,2.0,3.0,1.0,0.19533527696793004,0.24179104477611965,0.2916666666666667,0.6583333333333338,0.2916989914662529,6.0,1.0,0.17735849056603772,2.0,0.7714285714285716,0.2714285714285716,0.10624999999999996,0.10416666666666667,0.10204081632653061,0.3611111111111111,0.39473684210526316,0.061690084901444814,0.0
0.193717277486911,19.0,1.0,1.0,2.0,3.0,2.0,1.0,0.30903790087463573,0.46119402985074637,0.4250000000000007,0.3916666666666669,0.2548487199379364,6.0,1.0,0.17735849056603772,2.0,0.7714285714285716,0.2714285714285716,0.15625,0.14166666666666666,0.2653061224489796,0.5277777777777778,0.5526315789473685,0.04984856759843106,0.0
0.193717277486911,19.0,1.0,1.0,2.0,3.0,2.0,1.0,0.30903790087463573,0.46119402985074637,0.4250000000000007,0.3916666666666669,0.27230411171450736,6.0,1.0,0.17735849056603772,2.0,0.7714285714285716,0.2714285714285716,0.15625,0.14166666666666666,0.10204081632653061,0.4166666666666667,0.4473684210526316,0.06595998212601162,0.0
0.193717277486911,19.0,1.0,1.0,2.0,3.0,2.0,1.0,0.30903790087463573,0.46119402985074637,0.4250000000000007,0.3916666666666669,0.330488750969744,6.0,1.0,0.17735849056603772,1.0,0.7714285714285716,0.2714285714285716,0.125,0.19166666666666668,0.42857142857142855,0.3611111111111111,0.42105263157894735,0.12020257186832829,0.0
0.193717277486911,19.0,1.0,1.0,2.0,3.0,3.0,1.0,0.3032069970845482,0.46119402985074637,0.4250000000000007,0.5416666666666666,0.34794414274631497,6.0,1.0,0.17735849056603772,2.0,0.7714285714285716,0.2714285714285716,0.125,0.14166666666666666,0.2653061224489796,0.3055555555555556,0.23684210526315788,0.10215480859937441,0.0
0.193717277486911,19.0,1.0,2.0,2.0,3.0,3.0,1.0,0.3032069970845482,0.46119402985074637,0.4250000000000007,0.5416666666666666,0.3964313421256788,6.0,1.0,0.17735849056603772,1.0,0.7714285714285716,0.2714285714285716,0.04375000000000001,0.2625,0.2653061224489796,0.3055555555555556,0.34210526315789475,0.15245022590735316,0.0
0.1256544502617801,19.0,1.0,1.0,2.0,4.0,2.0,1.0,0.3032069970845482,0.4835820895522389,0.4250000000000007,0.43333333333333357,0.3110938712179985,6.0,1.0,0.17735849056603772,2.0,0.7714285714285716,0.2714285714285716,0.125,0.14166666666666666,0.2653061224489796,0.4166666666666667,0.42105263157894735,0.05821458716051835,0.0
0.1256544502617801,19.0,1.0,1.0,2.0,4.0,2.0,1.0,0.3032069970845482,0.4835820895522389,0.4250000000000007,0.43333333333333357,0.3750969743987587,6.0,1.0,0.17735849056603772,1.0,0.7714285714285716,0.2714285714285716,0.125,0.19166666666666668,0.42857142857142855,0.3333333333333333,0.39473684210526316,0.12611091802790328,0.0
0.10471204188481675,19.0,1.0,1.0,2.0,4.0,3.0,1.0,0.3002915451895046,0.48507462686567165,0.4250000000000007,0.5916666666666668,0.36152055857253684,6.0,1.0,0.17735849056603772,2.0,0.7714285714285716,0.2714285714285716,0.125,0.14166666666666666,0.2653061224489796,0.2777777777777778,0.34210526315789475,0.07186832828558662,0.0
0.10471204188481675,19.0,1.0,2.0,2.0,4.0,3.0,1.0,0.3002915451895046,0.48507462686567165,0.4250000000000007,0.5916666666666668,0.45073700543056633,6.0,1.0,0.17735849056603772,1.0,0.7714285714285716,0.2714285714285716,0.04375000000000001,0.2625,0.2653061224489796,0.2777777777777778,0.18421052631578946,0.16324909388808898,0.0
0.11518324607329843,20.0,1.0,1.0,1.0,2.0,2.0,1.0,0.2653061224489798,0.26268656716417904,0.27500000000000036,0.5583333333333336,0.19278510473235067,3.0,1.0,0.1169811320754717,2.0,0.36428571428571416,0.45714285714285713,0.125,0.058333333333333334,0.2653061224489796,0.6111111111111112,0.6052631578947368,0.005709746288664912,0.0
0.11518324607329843,20.0,1.0,1.0,1.0,2.0,2.0,1.0,0.2653061224489798,0.26268656716417904,0.27500000000000036,0.5583333333333336,0.21411947245927077,3.0,1.0,0.1169811320754717,2.0,0.36428571428571416,0.45714285714285713,0.125,0.058333333333333334,0.2653061224489796,0.5,0.5789473684210527,0.030286480313787795,0.0
0.04712041884816754,20.0,1.0,1.0,2.0,2.0,2.0,1.0,0.2653061224489798,0.26268656716417904,0.27500000000000036,0.5583333333333336,0.20442203258339797,3.0,1.0,0.1169811320754717,2.0,0.36428571428571416,0.45714285714285713,0.125,0.058333333333333334,0.2653061224489796,0.5,0.5789473684210527,0.03401022789335187,0.0
0.06282722513089005,20.0,1.0,1.0,2.0,4.0,2.0,1.0,0.2653061224489798,0.42686567164179096,0.27500000000000036,0.941666666666667,0.30721489526764933,3.0,1.0,0.1169811320754717,2.0,0.36428571428571416,0.45714285714285713,0.125,0.058333333333333334,0.2653061224489796,0.5,0.5526315789473685,0.04468497095476888,0.0
0.08376963350785341,20.0,1.0,1.0,2.0,4.0,3.0,1.0,0.2653061224489798,0.42686567164179096,0.27500000000000036,0.941666666666667,0.3110938712179985,3.0,1.0,0.1169811320754717,2.0,0.36428571428571416,0.45714285714285713,0.125,0.058333333333333334,0.2653061224489796,0.3888888888888889,0.42105263157894735,0.06901345514125416,0.0
0.13612565445026178,20.0,1.0,1.0,2.0,4.0,3.0,1.0,0.2653061224489798,0.42686567164179096,0.27500000000000036,0.941666666666667,0.6291698991466252,3.0,1.0,0.1169811320754717,2.0,0.36428571428571416,0.45714285714285713,0.125,0.058333333333333334,0.2653061224489796,0.3888888888888889,0.42105263157894735,0.09085944094136339,0.0
0.13612565445026178,20.0,1.0,1.0,2.0,3.0,2.0,1.0,0.2653061224489798,0.3761194029850749,0.3416666666666674,0.43333333333333357,0.2300232738557021,3.0,1.0,0.13962264150943396,2.0,0.46428571428571425,0.45714285714285713,0.125,0.09166666666666666,0.2653061224489796,0.4722222222222222,0.5526315789473685,0.04518147063204409,0.0
0.13612565445026178,20.0,1.0,1.0,2.0,2.0,2.0,1.0,0.2653061224489798,0.3761194029850749,0.3416666666666674,0.4166666666666667,0.24088440651667958,3.0,1.0,0.13962264150943396,2.0,0.46428571428571425,0.45714285714285713,0.125,0.09166666666666666,0.2653061224489796,0.4722222222222222,0.5526315789473685,0.051635966436621814,0.0
0.13612565445026178,20.0,2.0,1.0,2.0,3.0,2.0,1.0,0.2653061224489798,0.3761194029850749,0.3416666666666674,0.43333333333333357,0.30527540729247477,3.0,1.0,0.18490566037735848,7.0,0.5214285714285715,0.6095238095238096,0.96875,0.03333333333333333,0.14285714285714285,0.5833333333333334,0.5263157894736842,0.06901345514125416,0.0
0.13612565445026178,20.0,2.0,1.0,2.0,2.0,2.0,1.0,0.2653061224489798,0.3761194029850749,0.3416666666666674,0.4166666666666667,0.30527540729247477,3.0,1.0,0.18490566037735848,7.0,0.5214285714285715,0.6095238095238096,0.96875,0.03333333333333333,0.14285714285714285,0.6944444444444444,0.8157894736842105,0.06628270691624051,0.0
0.13612565445026178,20.0,1.0,1.0,2.0,3.0,2.0,1.0,0.2653061224489798,0.3761194029850749,0.3416666666666674,0.43333333333333357,0.23506594259115593,3.0,1.0,0.13962264150943396,2.0,0.46428571428571425,0.45714285714285713,0.125,0.09166666666666666,0.2653061224489796,0.6944444444444444,0.8157894736842105,0.06504145772305248,0.0
0.13612565445026178,20.0,1.0,1.0,2.0,2.0,2.0,1.0,0.2653061224489798,0.3761194029850749,0.3416666666666674,0.4166666666666667,0.24592707525213345,3.0,1.0,0.13962264150943396,2.0,0.46428571428571425,0.45714285714285713,0.125,0.09166666666666666,0.2653061224489796,0.4166666666666667,0.47368421052631576,0.08043294771858399,0.0
0.13612565445026178,20.0,1.0,1.0,2.0,3.0,2.0,1.0,0.2653061224489798,0.3761194029850749,0.3416666666666674,0.4166666666666667,0.2529092319627618,3.0,1.0,0.13962264150943396,2.0,0.46428571428571425,0.45714285714285713,0.125,0.09166666666666666,0.2653061224489796,0.4166666666666667,0.47368421052631576,0.10277543319596842,0.0
0.5392670157068062,20.0,1.0,1.0,1.0,3.0,1.0,1.0,0.2303206997084549,0.4119402985074626,0.30833333333333357,0.40000000000000036,0.26415826221877425,3.0,1.0,0.13962264150943396,2.0,0.46428571428571425,0.45714285714285713,0.125,0.09166666666666666,0.2653061224489796,0.4444444444444444,0.47368421052631576,0.07298545255945584,0.0
0.5392670157068062,20.0,1.0,1.0,1.0,2.0,1.0,1.0,0.2303206997084549,0.4119402985074626,0.30833333333333357,0.40000000000000036,0.27773467804499613,3.0,1.0,0.13962264150943396,2.0,0.46428571428571425,0.45714285714285713,0.125,0.09166666666666666,0.2653061224489796,0.4444444444444444,0.47368421052631576,0.07745394965493273,0.0
0.5392670157068062,20.0,1.0,1.0,1.0,3.0,1.0,1.0,0.2303206997084549,0.4119402985074626,0.30833333333333357,0.40000000000000036,0.3013964313421257,1.0,1.0,0.13962264150943396,1.0,0.5000000000000001,0.480952380952381,0.15000000000000002,0.26666666666666666,1.0,0.3611111111111111,0.34210526315789475,0.10376843255051885,0.0
0.5392670157068062,20.0,1.0,1.0,1.0,2.0,1.0,1.0,0.2303206997084549,0.4119402985074626,0.30833333333333357,0.40000000000000036,0.31497284716834756,1.0,1.0,0.13962264150943396,1.0,0.5000000000000001,0.480952380952381,0.15000000000000002,0.26666666666666666,1.0,0.3611111111111111,0.34210526315789475,0.10972642867782136,0.0
0.3612565445026178,20.0,1.0,1.0,1.0,5.0,1.0,1.0,0.3440233236151606,0.5238805970149253,0.44166666666666643,0.35000000000000026,0.40806826997672613,3.0,1.0,0.32075471698113206,1.0,0.7714285714285716,0.680952380952381,0.14375000000000004,0.2833333333333333,0.2653061224489796,0.3055555555555556,0.3684210526315789,0.08269202125018618,0.0
0.3612565445026178,20.0,1.0,1.0,1.0,5.0,1.0,1.0,0.3440233236151606,0.5238805970149253,0.44166666666666643,0.35000000000000026,0.4065166795965865,3.0,1.0,0.32075471698113206,1.0,0.7714285714285716,0.680952380952381,0.14375000000000004,0.2833333333333333,0.2653061224489796,0.3055555555555556,0.3684210526315789,0.11223375204806117,0.0
0.3612565445026178,20.0,1.0,1.0,1.0,2.0,1.0,1.0,0.3440233236151606,0.5238805970149253,0.44166666666666643,0.35000000000000026,0.41233514352211015,3.0,1.0,0.32075471698113206,1.0,0.7714285714285716,0.680952380952381,0.14375000000000004,0.2833333333333333,0.2653061224489796,0.3055555555555556,0.3684210526315789,0.12092249640037733,0.0
0.3612565445026178,20.0,1.0,1.0,1.0,5.0,1.0,1.0,0.3440233236151606,0.5238805970149253,0.44166666666666643,0.35000000000000026,0.46198603568657876,3.0,1.0,0.32075471698113206,1.0,0.7714285714285716,0.680952380952381,0.14375000000000004,0.2833333333333333,0.2653061224489796,0.3055555555555556,0.3684210526315789,0.15096072687552753,0.0
0.3612565445026178,20.0,1.0,1.0,1.0,2.0,1.0,1.0,0.3440233236151606,0.5238805970149253,0.44166666666666643,0.35000000000000026,0.47556245151280063,3.0,1.0,0.32075471698113206,1.0,0.7714285714285716,0.680952380952381,0.14375000000000004,0.2833333333333333,0.2653061224489796,0.3055555555555556,0.3684210526315789,0.1596494712278437,0.0
0.3612565445026178,20.0,1.0,1.0,1.0,1.0,1.0,1.0,0.3440233236151606,0.5238805970149253,0.44166666666666643,0.43333333333333357,0.5768037238169124,3.0,1.0,0.32075471698113206,1.0,0.7714285714285716,0.680952380952381,0.14375000000000004,0.2833333333333333,0.2653061224489796,0.3055555555555556,0.3684210526315789,0.3115783724740579,0.0
0.0,20.0,1.0,1.0,2.0,3.0,2.0,1.0,0.4606413994169098,0.5149253731343284,0.5166666666666669,0.5916666666666668,0.32505818463925523,3.0,1.0,0.23018867924528302,1.0,0.55,0.7000000000000001,0.10624999999999996,0.18333333333333332,0.02040816326530612,0.4444444444444444,0.47368421052631576,0.09507968819820267,1.0
0.0,20.0,2.0,2.0,2.0,3.0,2.0,1.0,0.4606413994169098,0.5149253731343284,0.5166666666666669,0.5916666666666668,0.3847944142746315,3.0,1.0,0.18490566037735848,7.0,0.5214285714285715,0.6095238095238096,0.96875,0.10416666666666667,0.14285714285714285,0.4722222222222222,0.4473684210526316,0.13852340995978352,1.0
0.0,20.0,1.0,1.0,2.0,2.0,2.0,1.0,0.4606413994169098,0.5149253731343284,0.5166666666666669,0.5083333333333334,0.3591931730023274,3.0,1.0,0.23018867924528302,1.0,0.55,0.7000000000000001,0.10624999999999996,0.18333333333333332,0.02040816326530612,0.3888888888888889,0.42105263157894735,0.12089767141651359,1.0
0.0,20.0,1.0,1.0,2.0,3.0,2.0,1.0,0.4606413994169098,0.5149253731343284,0.5166666666666669,0.5916666666666668,0.3591931730023274,3.0,1.0,0.23018867924528302,1.0,0.55,0.7000000000000001,0.10624999999999996,0.18333333333333332,0.02040816326530612,0.3888888888888889,0.42105263157894735,0.14348840673253563,1.0
0.0,20.0,1.0,1.0,2.0,2.0,2.0,1.0,0.4606413994169098,0.5149253731343284,0.5166666666666669,0.5083333333333334,0.3762606671838635,3.0,1.0,0.23018867924528302,1.0,0.55,0.7000000000000001,0.10624999999999996,0.18333333333333332,0.02040816326530612,0.3888888888888889,0.42105263157894735,0.1521771510848518,1.0
0.6910994764397905,20.0,1.0,1.0,1.0,2.0,1.0,1.0,0.47521865889212844,0.6328358208955225,0.6166666666666671,0.35000000000000026,0.5771916214119472,1.0,2.0,0.41509433962264153,1.0,0.5214285714285715,0.6095238095238096,0.14375000000000004,0.4708333333333333,0.42857142857142855,0.19444444444444445,0.21052631578947367,0.28399781540142,0.0
0.6910994764397905,20.0,1.0,1.0,1.0,2.0,1.0,1.0,0.47521865889212844,0.6328358208955225,0.6166666666666671,0.35000000000000026,0.5927075252133437,1.0,2.0,0.41509433962264153,1.0,0.5214285714285715,0.6095238095238096,0.14375000000000004,0.4708333333333333,0.42857142857142855,0.16666666666666666,0.21052631578947367,0.2700958244377141,0.0
0.13089005235602094,20.0,1.0,1.0,2.0,3.0,1.0,1.0,0.521865889212828,0.6970149253731346,0.5166666666666669,0.5250000000000004,0.6373157486423584,1.0,2.0,0.41509433962264153,1.0,0.5214285714285715,0.6095238095238096,0.13749999999999996,0.45,0.42857142857142855,0.19444444444444445,0.21052631578947367,0.26244972940767586,1.0
0.5026178010471204,20.0,1.0,1.0,2.0,4.0,1.0,1.0,0.521865889212828,0.6970149253731346,0.5166666666666669,0.5250000000000004,0.6450737005430567,1.0,2.0,0.37735849056603776,1.0,0.5214285714285715,0.6095238095238096,0.13749999999999996,0.45,0.42857142857142855,0.16666666666666666,0.21052631578947367,0.2639392284395015,1.0
0.29842931937172773,21.0,2.0,1.0,1.0,3.0,2.0,1.0,0.3119533527696793,0.4567164179104477,0.43333333333333357,0.6583333333333338,0.29984484096198605,3.0,1.0,0.13584905660377358,7.0,0.3357142857142856,0.6333333333333333,1.0,0.016666666666666666,0.2653061224489796,0.6666666666666666,0.7894736842105263,0.06595998212601162,0.0
0.29842931937172773,21.0,1.0,1.0,1.0,3.0,2.0,1.0,0.3119533527696793,0.4567164179104477,0.43333333333333357,0.6583333333333338,0.2796741660201707,3.0,1.0,0.1811320754716981,1.0,0.46428571428571425,0.6333333333333333,0.125,0.15416666666666667,0.4489795918367347,0.3888888888888889,0.47368421052631576,0.07092497889876372,0.0
0.1518324607329843,21.0,2.0,1.0,2.0,3.0,2.0,1.0,0.3119533527696793,0.4567164179104477,0.43333333333333357,0.6583333333333338,0.30100853374709075,3.0,1.0,0.13584905660377358,7.0,0.3357142857142856,0.6333333333333333,1.0,0.016666666666666666,0.2653061224489796,0.6666666666666666,0.7894736842105263,0.07142147857603892,0.0
0.1518324607329843,21.0,1.0,1.0,2.0,3.0,2.0,1.0,0.3119533527696793,0.4567164179104477,0.43333333333333357,0.6583333333333338,0.2808378588052754,3.0,1.0,0.1811320754716981,1.0,0.46428571428571425,0.6333333333333333,0.125,0.15416666666666667,0.4489795918367347,0.3888888888888889,0.47368421052631576,0.07638647534879102,0.0
0.1518324607329843,21.0,1.0,1.0,2.0,3.0,2.0,1.0,0.3119533527696793,0.4567164179104477,0.43333333333333357,0.6583333333333338,0.30527540729247477,3.0,1.0,0.1811320754716981,1.0,0.46428571428571425,0.6333333333333333,0.125,0.15416666666666667,0.4489795918367347,0.3888888888888889,0.47368421052631576,0.08383397050791917,0.0
0.1518324607329843,21.0,2.0,2.0,2.0,3.0,2.0,1.0,0.3119533527696793,0.4567164179104477,0.43333333333333357,0.6583333333333338,0.32234290147401085,3.0,1.0,0.13584905660377358,7.0,0.3357142857142856,0.6333333333333333,1.0,0.08333333333333333,0.14285714285714285,0.6666666666666666,0.6842105263157895,0.10865895437167966,0.0
0.1518324607329843,21.0,1.0,1.0,2.0,3.0,2.0,1.0,0.3119533527696793,0.4567164179104477,0.43333333333333357,0.6583333333333338,0.31497284716834756,3.0,1.0,0.1811320754716981,1.0,0.46428571428571425,0.6333333333333333,0.1875,0.21666666666666667,0.5510204081632653,0.3611111111111111,0.42105263157894735,0.1210714463035599,0.0
0.5026178010471204,21.0,1.0,1.0,1.0,1.0,2.0,1.0,0.2303206997084549,0.27164179104477637,0.32500000000000046,0.6500000000000004,0.29712955779674166,3.0,1.0,0.1811320754716981,1.0,0.46428571428571425,0.6333333333333333,0.09375,0.175,0.5510204081632653,0.3055555555555556,0.34210526315789475,0.16079142048557668,0.0
1.0,21.0,1.0,1.0,1.0,2.0,2.0,1.0,0.2303206997084549,0.3671641791044775,0.30833333333333357,0.3000000000000001,0.2843289371605896,3.0,1.0,0.1811320754716981,1.0,0.46428571428571425,0.6333333333333333,0.09375,0.175,0.5510204081632653,0.3055555555555556,0.34210526315789475,0.1206990715456035,0.0
0.5026178010471204,21.0,1.0,1.0,2.0,3.0,2.0,1.0,0.4023323615160352,0.5835820895522387,0.5500000000000007,0.6083333333333337,0.45500387897595035,3.0,3.0,0.2830188679245283,1.0,0.46428571428571425,0.6333333333333333,0.09375,0.25833333333333336,0.5510204081632653,0.16666666666666666,0.21052631578947367,0.2029938930539695,0.0
0.5026178010471204,21.0,2.0,2.0,2.0,3.0,2.0,1.0,0.4023323615160352,0.5835820895522387,0.5500000000000007,0.6083333333333337,0.42319627618308764,3.0,1.0,0.13584905660377358,7.0,0.3357142857142856,0.6333333333333333,1.0,0.08333333333333333,0.14285714285714285,0.5555555555555556,0.5789473684210527,0.2166476341790378,0.0
0.5026178010471204,21.0,1.0,1.0,2.0,4.0,2.0,1.0,0.4023323615160352,0.6268656716417911,0.5500000000000007,0.6083333333333337,0.4169899146625291,3.0,1.0,0.1811320754716981,1.0,0.46428571428571425,0.6333333333333333,0.125,0.16666666666666666,0.5510204081632653,0.3333333333333333,0.39473684210526316,0.1780447842708902,0.0
0.19895287958115182,22.0,1.0,1.0,2.0,3.0,1.0,1.0,0.5160349854227404,0.711940298507463,0.5750000000000005,0.7000000000000005,0.552366175329713,3.0,1.0,0.3018867924528302,1.0,0.8857142857142856,0.5142857142857143,0.15625,0.275,0.5102040816326531,0.2777777777777778,0.3157894736842105,0.19418102378233454,1.0
0.04712041884816754,22.0,1.0,1.0,2.0,4.0,1.0,1.0,0.5160349854227404,0.711940298507463,0.5750000000000005,0.8083333333333336,0.5996896819239721,3.0,1.0,0.3018867924528302,1.0,0.8857142857142856,0.5142857142857143,0.15625,0.275,0.5102040816326531,0.2777777777777778,0.3157894736842105,0.20597289111762077,1.0
0.19895287958115182,22.0,1.0,1.0,2.0,3.0,1.0,1.0,0.5160349854227404,0.711940298507463,0.5750000000000005,0.7000000000000005,0.5612878200155159,3.0,1.0,0.3018867924528302,1.0,0.8857142857142856,0.5142857142857143,0.15625,0.275,0.5102040816326531,0.3055555555555556,0.3157894736842105,0.26977309964748525,1.0
0.04712041884816754,22.0,1.0,1.0,2.0,4.0,1.0,1.0,0.5160349854227404,0.711940298507463,0.5750000000000005,0.8083333333333336,0.6027928626842514,3.0,1.0,0.3018867924528302,1.0,0.8857142857142856,0.5142857142857143,0.15625,0.275,0.5102040816326531,0.3055555555555556,0.3157894736842105,0.2829303410952783,1.0
0.19895287958115182,22.0,1.0,2.0,2.0,3.0,1.0,1.0,0.5160349854227404,0.711940298507463,0.5750000000000005,0.7000000000000005,0.6039565554693561,3.0,1.0,0.26037735849056604,1.0,0.7714285714285716,0.5142857142857143,0.03125,0.475,0.3877551020408163,0.1111111111111111,0.15789473684210525,0.330221935355742,1.0
0.04712041884816754,22.0,1.0,2.0,2.0,4.0,1.0,1.0,0.5160349854227404,0.711940298507463,0.5750000000000005,0.8083333333333336,0.6474010861132661,3.0,1.0,0.26037735849056604,1.0,0.7714285714285716,0.5142857142857143,0.03125,0.475,0.3877551020408163,0.1111111111111111,0.15789473684210525,0.3433791768035351,1.0
0.15706806282722513,22.0,1.0,1.0,2.0,3.0,1.0,1.0,0.6559766763848395,0.711940298507463,0.7166666666666673,0.6416666666666669,0.5678820791311094,3.0,1.0,0.3018867924528302,1.0,0.8857142857142856,0.5142857142857143,0.15625,0.275,0.5102040816326531,0.2777777777777778,0.3157894736842105,0.29112258577031924,1.0
0.15706806282722513,22.0,1.0,2.0,2.0,3.0,1.0,1.0,0.6559766763848395,0.711940298507463,0.7083333333333334,0.6416666666666669,0.6055081458494957,3.0,1.0,0.3018867924528302,1.0,0.8857142857142856,0.5142857142857143,0.10624999999999996,0.4666666666666667,0.46938775510204084,0.16666666666666666,0.23684210526315788,0.34573755027059233,1.0
0.15706806282722513,22.0,1.0,1.0,2.0,3.0,1.0,1.0,0.6559766763848395,0.711940298507463,0.7166666666666673,0.6416666666666669,0.591155934833204,2.0,2.0,0.4226415094339623,1.0,0.7428571428571429,0.38095238095238104,0.11250000000000004,0.35833333333333334,0.5510204081632653,0.1388888888888889,0.18421052631578946,0.40631051089816794,1.0
0.15706806282722513,22.0,2.0,2.0,2.0,3.0,1.0,1.0,0.6559766763848395,0.711940298507463,0.7166666666666673,0.6416666666666669,0.6706749418153607,3.0,2.0,0.3169811320754717,7.0,0.3357142857142856,0.6333333333333333,1.0,0.24166666666666667,0.2653061224489796,0.3611111111111111,0.2894736842105263,0.430763120003972,1.0
0.15706806282722513,22.0,1.0,2.0,2.0,3.0,1.0,1.0,0.6559766763848395,0.711940298507463,0.7166666666666673,0.6416666666666669,0.6105508145849495,3.0,1.0,0.3018867924528302,1.0,0.8857142857142856,0.5142857142857143,0.15625,0.275,0.5102040816326531,0.16666666666666666,0.23684210526315788,0.4346109925028549,1.0
